OA21CD,National_P,OA_Populat,pop_in_threshold
E00041195,Peak District,384,384.0
E00061152,North York Moors,338,338.0
E00061153,North York Moors,208,208.0
E00061190,North York Moors,348,348.0
E00061191,North York Moors,271,271.0
E00061198,North York Moors,255,255.0
E00094226,Peak District,305,305.0
E00094232,Peak District,195,195.0
E00094239,Peak District,198,198.0
E00096436,Lake District,376,376.0
E00096439,Lake District,226,220.35
E00096441,Lake District,362,362.0
E00096472,Lake District,310,293.2432432432433
E00096474,Lake District,285,285.0
E00096475,Lake District,250,250.0
E00096477,Lake District,136,136.0
E00096484,Lake District,277,277.0
E00096485,Lake District,132,132.0
E00096486,Lake District,224,224.0
E00096488,Lake District,162,162.0
E00096489,Lake District,332,332.00000000000006
E00096546,Lake District,259,259.0
E00096547,Lake District,242,242.0
E00096548,Lake District,222,222.0
E00096549,Lake District,241,241.0
E00096550,Lake District,241,241.0
E00096551,Lake District,193,193.0
E00096552,Lake District,255,255.0
E00096553,Lake District,225,225.0
E00096554,Lake District,325,324.99999999999994
E00096555,Lake District,411,411.0
E00096556,Lake District,193,193.0
E00096557,Lake District,296,296.0
E00096558,Lake District,249,249.0
E00096559,Lake District,260,260.0
E00096560,Lake District,250,250.0
E00096561,Lake District,196,196.0
E00096562,Lake District,203,203.0
E00096563,Lake District,201,201.0
E00096564,Lake District,404,404.0
E00096697,Lake District,400,399.99999999999994
E00097343,Lake District,207,207.0
E00097344,Lake District,268,268.0
E00097345,Lake District,263,263.0
E00097346,Lake District,273,273.0
E00097347,Lake District,230,230.00000000000003
E00097428,Lake District,227,227.0
E00097442,Lake District,269,269.0
E00097443,Lake District,200,200.0
E00097444,Lake District,213,208.0078125
E00097445,Lake District,247,247.0
E00097511,Lake District,114,114.0
E00097512,Lake District,368,368.0
E00097562,Lake District,232,232.0
E00097563,Lake District,282,261.1111111111111
E00097587,Lake District,344,344.0
E00097588,Lake District,319,319.0
E00097589,Lake District,186,186.0
E00097596,Yorkshire Dales,299,295.5632183908046
E00097599,Yorkshire Dales,223,217.0796460176991
E00097613,Lake District,220,220.0
E00097614,Lake District,199,199.0
E00097634,Yorkshire Dales,142,142.0
E00097666,Yorkshire Dales,246,244.38157894736844
E00097723,Yorkshire Dales,191,179.76470588235293
E00097724,Yorkshire Dales,242,242.0
E00097725,Yorkshire Dales,326,326.0
E00097737,Lake District,280,280.0
E00097738,Lake District,138,138.0
E00097739,Lake District,310,310.0
E00097740,Lake District,188,188.0
E00097765,Lake District,106,106.0
E00097777,Lake District,333,333.0
E00097796,Lake District,260,260.0
E00097797,Lake District,152,152.0
E00097798,Lake District,252,252.0
E00097799,Lake District,285,285.0
E00097800,Lake District,157,157.0
E00097801,Lake District,137,137.0
E00097812,Yorkshire Dales,134,134.0
E00097834,Lake District,286,286.0
E00097835,Lake District,231,231.0
E00097836,Lake District,159,159.0
E00097837,Lake District,262,262.0
E00097838,Lake District,245,245.0
E00097839,Lake District,213,213.0
E00097940,Yorkshire Dales,228,228.0
E00097941,Yorkshire Dales,353,353.0
E00097948,Lake District,373,373.0
E00097949,Lake District,267,267.0
E00097950,Lake District,204,204.0
E00097951,Lake District,246,246.0
E00097952,Lake District,194,194.0
E00097953,Lake District,222,222.0
E00097954,Lake District,356,356.0
E00097955,Lake District,229,228.99999999999997
E00097956,Lake District,133,133.0
E00097957,Lake District,342,342.0
E00097958,Lake District,275,275.0
E00097959,Lake District,141,141.0
E00097960,Lake District,203,203.0
E00097961,Lake District,273,273.0
E00097962,Lake District,290,290.0
E00097963,Lake District,278,278.0
E00097964,Lake District,249,249.0
E00097985,Lake District,373,373.0
E00097986,Lake District,328,328.0
E00097987,Lake District,160,160.0
E00097988,Lake District,233,233.0
E00097989,Lake District,278,278.0
E00097990,Lake District,267,267.0
E00097991,Lake District,534,534.0
E00098006,Yorkshire Dales,238,238.00000000000003
E00098007,Yorkshire Dales,284,284.0
E00098008,Yorkshire Dales,246,246.0
E00098009,Yorkshire Dales,204,204.0
E00098010,Yorkshire Dales,350,350.0
E00098011,Yorkshire Dales,312,312.0
E00098012,Yorkshire Dales,522,522.0
E00098013,Yorkshire Dales,307,307.0
E00098014,Yorkshire Dales,249,249.00000000000003
E00098015,Yorkshire Dales,268,268.0
E00098017,Yorkshire Dales,430,430.00000000000006
E00098018,Lake District,216,216.0
E00098019,Lake District,301,301.0
E00098020,Lake District,245,245.0
E00098021,Lake District,264,264.0
E00098022,Lake District,256,256.0
E00098023,Lake District,153,153.0
E00098024,Lake District,279,279.0
E00098025,Lake District,350,350.0
E00098026,Lake District,233,233.00000000000003
E00098027,Lake District,226,226.0
E00098028,Lake District,381,380.99999999999994
E00098029,Lake District,436,436.0
E00098030,Lake District,222,222.0
E00098031,Lake District,205,205.0
E00098032,Lake District,151,151.0
E00098083,Lake District,215,215.0
E00098084,Lake District,174,174.0
E00098085,Lake District,211,211.0
E00098086,Lake District,200,200.0
E00098087,Lake District,280,280.0
E00098088,Lake District,256,256.0
E00098089,Lake District,232,232.0
E00098090,Lake District,273,273.0
E00098091,Lake District,267,267.0
E00098092,Lake District,281,281.0
E00098093,Lake District,253,253.00000000000003
E00098094,Lake District,302,302.0
E00098095,Lake District,311,311.0
E00098096,Lake District,281,281.0
E00098097,Lake District,266,266.0
E00098098,Lake District,303,303.0
E00098099,Lake District,326,326.0
E00098100,Lake District,312,312.0
E00098101,Lake District,282,282.0
E00098102,Lake District,295,295.0
E00098103,Lake District,238,237.99999999999997
E00098104,Lake District,226,226.0
E00098105,Lake District,245,245.0
E00098106,Lake District,282,282.0
E00098107,Lake District,308,308.0
E00098108,Lake District,291,291.0
E00098109,Lake District,234,234.0
E00098110,Lake District,277,277.0
E00098111,Lake District,241,241.0
E00099125,Peak District,220,220.0
E00099126,Peak District,288,288.0
E00099127,Peak District,259,259.0
E00099128,Peak District,302,302.0
E00099129,Peak District,247,247.0
E00099130,Peak District,191,191.0
E00099131,Peak District,163,163.0
E00099132,Peak District,225,225.0
E00099133,Peak District,323,323.0
E00099134,Peak District,239,239.0
E00099135,Peak District,224,224.0
E00099136,Peak District,251,251.0
E00099137,Peak District,280,280.0
E00099138,Peak District,198,198.0
E00099139,Peak District,234,234.0
E00099140,Peak District,359,359.0
E00099141,Peak District,261,261.0
E00099142,Peak District,219,219.0
E00099143,Peak District,279,279.0
E00099144,Peak District,310,310.0
E00099145,Peak District,269,269.0
E00099146,Peak District,300,300.0
E00099155,Peak District,225,225.0
E00099156,Peak District,197,197.0
E00099157,Peak District,250,250.0
E00099158,Peak District,402,402.0
E00099159,Peak District,184,184.0
E00099160,Peak District,236,236.0
E00099161,Peak District,284,284.0
E00099162,Peak District,154,154.0
E00099169,Peak District,263,263.0
E00099170,Peak District,348,348.00000000000006
E00099171,Peak District,303,303.0
E00099172,Peak District,263,263.0
E00099173,Peak District,159,159.0
E00099174,Peak District,140,140.0
E00099175,Peak District,140,140.0
E00099205,Peak District,129,129.0
E00099206,Peak District,183,183.00000000000003
E00099207,Peak District,430,430.0
E00099209,Peak District,320,320.0
E00099210,Peak District,116,116.00000000000001
E00099211,Peak District,140,140.0
E00099212,Peak District,133,133.0
E00099220,Peak District,296,296.0
E00099221,Peak District,196,196.0
E00099222,Peak District,354,354.0
E00099223,Peak District,301,301.0
E00099224,Peak District,242,241.99999999999997
E00099225,Peak District,259,259.0
E00099226,Peak District,454,454.0
E00099227,Peak District,360,360.0
E00099228,Peak District,161,161.0
E00099229,Peak District,295,295.0
E00099230,Peak District,293,293.0
E00099231,Peak District,297,297.0
E00099232,Peak District,290,290.0
E00099233,Peak District,189,189.0
E00099234,Peak District,349,349.0
E00099235,Peak District,232,232.00000000000003
E00099236,Peak District,238,238.0
E00099237,Peak District,263,263.0
E00099238,Peak District,294,294.0
E00099247,Peak District,131,131.0
E00099248,Peak District,311,311.0
E00099249,Peak District,231,231.0
E00099250,Peak District,261,261.0
E00099251,Peak District,264,264.0
E00099252,Peak District,211,211.0
E00099253,Peak District,107,107.0
E00099255,Peak District,202,202.0
E00099256,Peak District,183,183.0
E00099260,Peak District,318,317.99999999999994
E00099261,Peak District,112,112.0
E00099315,Peak District,330,327.92452830188677
E00099321,Peak District,263,263.0
E00099322,Peak District,242,242.0
E00099323,Peak District,253,253.0
E00099324,Peak District,284,284.0
E00099325,Peak District,284,284.0
E00099326,Peak District,200,200.0
E00099327,Peak District,230,230.0
E00099328,Peak District,385,385.0
E00099331,Peak District,370,370.0
E00099332,Peak District,187,187.0
E00099854,Peak District,155,155.0
E00099855,Peak District,224,224.0
E00099856,Peak District,318,318.0
E00099857,Peak District,242,242.0
E00099858,Peak District,327,327.0
E00099859,Peak District,134,134.0
E00099860,Peak District,271,271.0
E00099861,Peak District,273,273.0
E00099862,Peak District,285,285.0
E00099863,Peak District,322,322.0
E00099864,Peak District,302,302.0
E00099865,Peak District,222,222.0
E00099866,Peak District,330,308.63309352517985
E00099867,Peak District,152,152.0
E00099951,Peak District,299,299.0
E00101797,Exmoor,152,152.0
E00101798,Exmoor,307,307.0
E00101915,Exmoor,204,204.0
E00101916,Exmoor,345,345.0
E00101917,Exmoor,300,300.0
E00101918,Exmoor,239,239.0
E00101919,Exmoor,255,255.0
E00101920,Exmoor,260,260.0
E00102032,Dartmoor,299,299.0
E00102079,Dartmoor,300,300.0
E00102081,Dartmoor,283,280.42727272727274
E00102084,Dartmoor,295,295.0
E00102095,Dartmoor,236,236.0
E00102096,Dartmoor,252,252.00000000000003
E00102100,Dartmoor,348,348.0
E00102192,Dartmoor,282,282.0
E00102193,Dartmoor,285,285.0
E00102194,Dartmoor,210,210.0
E00102195,Dartmoor,210,210.0
E00102196,Dartmoor,245,245.0
E00102197,Dartmoor,443,443.0
E00102198,Dartmoor,245,245.00000000000003
E00102199,Dartmoor,285,285.0
E00102296,Dartmoor,294,294.0
E00102298,Dartmoor,270,270.0
E00102299,Dartmoor,366,366.0
E00102300,Dartmoor,346,346.0
E00102301,Dartmoor,286,286.0
E00102302,Dartmoor,238,238.0
E00102303,Dartmoor,278,278.00000000000006
E00102304,Dartmoor,386,386.0
E00102305,Dartmoor,279,279.0
E00102306,Dartmoor,336,336.0
E00102307,Dartmoor,295,295.0
E00102308,Dartmoor,361,361.0
E00102309,Dartmoor,246,246.0
E00102310,Dartmoor,345,345.0
E00102312,Dartmoor,315,315.0
E00102313,Dartmoor,277,277.0
E00102314,Dartmoor,279,279.0
E00102315,Dartmoor,260,260.0
E00102317,Dartmoor,273,273.0
E00102318,Dartmoor,420,378.2456140350877
E00102319,Dartmoor,281,281.0
E00102320,Dartmoor,280,280.0
E00102354,Dartmoor,281,281.0
E00102355,Dartmoor,295,295.0
E00102503,Dartmoor,281,281.0
E00102504,Dartmoor,351,351.0
E00102505,Dartmoor,374,362.5276073619632
E00102605,Dartmoor,315,315.0
E00102606,Dartmoor,349,349.0
E00102607,Dartmoor,229,229.0
E00102608,Dartmoor,502,502.00000000000006
E00102609,Dartmoor,397,396.99999999999994
E00102610,Dartmoor,256,256.0
E00102611,Dartmoor,258,258.0
E00102612,Dartmoor,259,259.0
E00102613,Dartmoor,260,260.0
E00102685,Dartmoor,309,309.0
E00102686,Dartmoor,223,223.00000000000003
E00102687,Dartmoor,331,331.0
E00102688,Dartmoor,220,220.00000000000003
E00102689,Dartmoor,349,349.0
E00102691,Dartmoor,288,288.0
E00102916,Dartmoor,366,366.0
E00102918,Dartmoor,132,132.0
E00102925,Dartmoor,252,252.0
E00102927,Dartmoor,325,325.0
E00102928,Dartmoor,237,237.0
E00102929,Dartmoor,409,409.0
E00102930,Dartmoor,232,232.00000000000003
E00102931,Dartmoor,347,347.0
E00102932,Dartmoor,207,207.0
E00102933,Dartmoor,220,220.0
E00102934,Dartmoor,356,356.0
E00102935,Dartmoor,439,439.0
E00102936,Dartmoor,250,250.0
E00102937,Dartmoor,279,279.0
E00102939,Dartmoor,332,326.73015873015873
E00102940,Dartmoor,212,212.0
E00102942,Dartmoor,413,413.0
E00102962,Dartmoor,356,356.0
E00102963,Dartmoor,296,296.0
E00102965,Dartmoor,371,344.7880434782609
E00102967,Dartmoor,175,174.99999999999997
E00102968,Dartmoor,367,367.0
E00102969,Dartmoor,363,362.99999999999994
E00102970,Dartmoor,294,294.0
E00102993,Dartmoor,248,248.0
E00103048,Dartmoor,299,299.0
E00103050,Dartmoor,309,309.0
E00103051,Dartmoor,283,283.0
E00103052,Dartmoor,410,409.99999999999994
E00103058,Dartmoor,363,363.0
E00103059,Dartmoor,336,336.0
E00103060,Dartmoor,323,322.99999999999994
E00103061,Dartmoor,320,320.0
E00103062,Dartmoor,306,306.0
E00103063,Dartmoor,313,313.0
E00103064,Dartmoor,340,340.0
E00103065,Dartmoor,262,262.0
E00103066,Dartmoor,130,130.0
E00103067,Dartmoor,241,241.0
E00106785,South Downs,345,345.0
E00106786,South Downs,267,267.0
E00106787,South Downs,253,253.0
E00106788,South Downs,349,349.0
E00106789,South Downs,260,260.0
E00106816,South Downs,244,244.0
E00106817,South Downs,177,177.0
E00106818,South Downs,235,235.0
E00106819,South Downs,303,303.0
E00106820,South Downs,276,276.0
E00106821,South Downs,236,232.1935483870968
E00106822,South Downs,236,236.00000000000003
E00106823,South Downs,192,192.0
E00106824,South Downs,320,320.0
E00106825,South Downs,274,274.0
E00106826,South Downs,214,214.0
E00106827,South Downs,266,266.0
E00106828,South Downs,329,329.0
E00106829,South Downs,294,294.0
E00106830,South Downs,260,260.0
E00106831,South Downs,348,348.0
E00106832,South Downs,416,416.0
E00106833,South Downs,315,315.0
E00106834,South Downs,284,284.0
E00106835,South Downs,240,240.0
E00106836,South Downs,386,386.0
E00106837,South Downs,267,267.0
E00106838,South Downs,273,273.0
E00106839,South Downs,358,358.0
E00106840,South Downs,327,327.0
E00106841,South Downs,267,267.0
E00106842,South Downs,345,345.0
E00106843,South Downs,246,246.0
E00106844,South Downs,259,259.0
E00106845,South Downs,280,280.0
E00106846,South Downs,192,192.0
E00106847,South Downs,292,292.0
E00106848,South Downs,357,357.0
E00106849,South Downs,317,316.99999999999994
E00106850,South Downs,288,288.0
E00106851,South Downs,294,294.0
E00106852,South Downs,291,291.0
E00106853,South Downs,282,282.0
E00106854,South Downs,168,168.0
E00106855,South Downs,333,333.0
E00106856,South Downs,308,308.0
E00106857,South Downs,609,609.0
E00106858,South Downs,299,299.0
E00106859,South Downs,320,320.00000000000006
E00106860,South Downs,338,338.0
E00106861,South Downs,282,282.0
E00106862,South Downs,381,381.0
E00106863,South Downs,291,291.0
E00106864,South Downs,258,258.0
E00106865,South Downs,322,322.0
E00106866,South Downs,243,243.0
E00106867,South Downs,338,338.0
E00106868,South Downs,258,258.0
E00106869,South Downs,194,194.0
E00106870,South Downs,272,272.0
E00106871,South Downs,242,242.0
E00106872,South Downs,245,245.0
E00106873,South Downs,332,332.0
E00106874,South Downs,307,307.0
E00106875,South Downs,324,324.0
E00106876,South Downs,276,276.0
E00106877,South Downs,276,276.0
E00106878,South Downs,312,312.0
E00106879,South Downs,317,317.0
E00106925,South Downs,275,267.5
E00106927,South Downs,192,192.0
E00107397,South Downs,285,285.0
E00107398,South Downs,228,228.0
E00107399,South Downs,252,252.0
E00107522,South Downs,181,181.0
E00107523,South Downs,253,253.0
E00107524,South Downs,248,248.0
E00107525,South Downs,249,249.0
E00107526,South Downs,294,294.0
E00107527,South Downs,294,294.0
E00107528,South Downs,278,278.0
E00107868,South Downs,155,155.0
E00114798,South Downs,403,365.38666666666666
E00114843,South Downs,109,108.99999999999999
E00114844,South Downs,224,223.99999999999997
E00114847,South Downs,288,288.0
E00114848,South Downs,377,355.1096774193548
E00114853,South Downs,256,256.0
E00114854,South Downs,539,539.0
E00114855,South Downs,436,436.0
E00114856,South Downs,396,396.00000000000006
E00114857,South Downs,346,346.0
E00114858,South Downs,292,292.0
E00114877,South Downs,137,137.0
E00114878,South Downs,302,302.0
E00114879,South Downs,262,262.0
E00114880,South Downs,356,356.00000000000006
E00114881,South Downs,494,494.0
E00114882,South Downs,303,303.0
E00114883,South Downs,433,433.0
E00114884,South Downs,127,127.00000000000001
E00114885,South Downs,474,474.0
E00114970,South Downs,298,298.0
E00114971,South Downs,122,122.0
E00114972,South Downs,404,404.00000000000006
E00114973,South Downs,323,323.0
E00114974,South Downs,304,304.0
E00114975,South Downs,373,373.0
E00114976,South Downs,300,300.0
E00114977,South Downs,224,224.0
E00114978,South Downs,256,256.0
E00114979,South Downs,316,316.0
E00114980,South Downs,407,407.0
E00114981,South Downs,321,321.0
E00114982,South Downs,282,282.0
E00114983,South Downs,309,309.0
E00114984,South Downs,300,300.0
E00114985,South Downs,344,344.0
E00114986,South Downs,321,321.0
E00114987,South Downs,279,279.0
E00114988,South Downs,240,239.99999999999997
E00114989,South Downs,231,231.0
E00114990,South Downs,315,315.0
E00114991,South Downs,302,302.0
E00114992,South Downs,340,340.0
E00114993,South Downs,403,403.0
E00114994,South Downs,297,297.0
E00114996,South Downs,444,444.0
E00114997,South Downs,610,610.0
E00114998,South Downs,376,376.0
E00115000,South Downs,284,284.0
E00115001,South Downs,301,301.0
E00115002,South Downs,160,160.0
E00115003,South Downs,336,336.0
E00115004,South Downs,285,285.0
E00115005,South Downs,366,366.0
E00115006,South Downs,283,283.0
E00115007,South Downs,353,353.0
E00115008,South Downs,346,346.0
E00115009,South Downs,286,286.0
E00115010,South Downs,313,313.0
E00115011,South Downs,245,245.0
E00115012,South Downs,323,323.0
E00115013,South Downs,332,332.0
E00115014,South Downs,329,329.0
E00115015,South Downs,366,366.0
E00115016,South Downs,310,310.0
E00115017,South Downs,354,354.0
E00115018,South Downs,324,324.0
E00115019,South Downs,322,322.00000000000006
E00115021,South Downs,345,345.0
E00115022,South Downs,321,321.0
E00115023,South Downs,200,200.0
E00115024,South Downs,190,190.00000000000003
E00115025,South Downs,349,349.0
E00115026,South Downs,223,223.0
E00115027,South Downs,237,237.0
E00115028,South Downs,221,221.0
E00115029,South Downs,246,246.00000000000003
E00115030,South Downs,321,321.0
E00115031,South Downs,225,225.0
E00115032,South Downs,212,212.0
E00115033,South Downs,186,186.0
E00115034,South Downs,207,206.99999999999997
E00115040,South Downs,202,202.0
E00115053,South Downs,290,290.0
E00115054,South Downs,280,280.0
E00115058,South Downs,385,385.0
E00115059,South Downs,452,452.0
E00115060,South Downs,135,135.0
E00115061,South Downs,297,297.0
E00115062,South Downs,291,291.0
E00115063,South Downs,291,291.0
E00115064,South Downs,287,287.0
E00115065,South Downs,266,266.0
E00116742,New Forest,333,333.0
E00116743,New Forest,298,298.0
E00116744,New Forest,302,302.0
E00116745,New Forest,366,365.99999999999994
E00116746,New Forest,241,241.0
E00116747,New Forest,249,249.00000000000003
E00116748,New Forest,294,294.0
E00116749,New Forest,280,280.0
E00116750,New Forest,358,358.0
E00116751,New Forest,316,316.0
E00116752,New Forest,296,296.0
E00116753,New Forest,308,308.0
E00116754,New Forest,442,442.0
E00116755,New Forest,326,326.0
E00116756,New Forest,308,308.0
E00116757,New Forest,146,146.0
E00116758,New Forest,109,109.0
E00116759,New Forest,295,295.0
E00116781,New Forest,378,378.0
E00116782,New Forest,198,179.36470588235295
E00116806,New Forest,430,430.00000000000006
E00116807,New Forest,330,330.0
E00116808,New Forest,319,319.0
E00116809,New Forest,309,309.0
E00116810,New Forest,360,360.0
E00116811,New Forest,235,212.0108695652174
E00116812,New Forest,306,306.00000000000006
E00116813,New Forest,365,364.99999999999994
E00116814,New Forest,527,527.0
E00116815,New Forest,380,380.0
E00116816,New Forest,356,356.0
E00116817,New Forest,214,214.0
E00116818,New Forest,254,254.0
E00116819,New Forest,219,219.0
E00116820,New Forest,250,250.00000000000003
E00116821,New Forest,269,269.0
E00116822,New Forest,338,338.0
E00116823,New Forest,331,331.0
E00116824,New Forest,299,299.0
E00116825,New Forest,295,295.0
E00116826,New Forest,312,312.0
E00116827,New Forest,345,345.0
E00116829,New Forest,303,303.0
E00116830,New Forest,388,387.99999999999994
E00116835,New Forest,221,220.99999999999997
E00116845,New Forest,379,378.99999999999994
E00116846,New Forest,214,214.0
E00116847,New Forest,227,227.0
E00116848,New Forest,221,221.0
E00116849,New Forest,255,255.00000000000003
E00116850,New Forest,255,255.0
E00116851,New Forest,273,273.0
E00116852,New Forest,233,233.0
E00116853,New Forest,336,336.0
E00116854,New Forest,232,232.0
E00116855,New Forest,313,313.0
E00116856,New Forest,294,294.0
E00116857,New Forest,294,294.0
E00116858,New Forest,350,350.0
E00116859,New Forest,436,436.00000000000006
E00116860,New Forest,267,267.0
E00116861,New Forest,371,371.0
E00116862,New Forest,303,303.0
E00116863,New Forest,281,281.0
E00116864,New Forest,318,318.0
E00116865,New Forest,285,285.0
E00116866,New Forest,218,218.0
E00116867,New Forest,340,340.0
E00116868,New Forest,159,159.0
E00116916,New Forest,215,214.99999999999997
E00116917,New Forest,114,114.0
E00116925,New Forest,241,232.54385964912282
E00116926,New Forest,266,266.0
E00116931,New Forest,170,170.0
E00116932,New Forest,278,278.0
E00116937,New Forest,299,299.0
E00116948,New Forest,214,213.99999999999997
E00116996,New Forest,284,284.0
E00117001,New Forest,270,263.7692307692308
E00117002,New Forest,298,298.0
E00117003,New Forest,251,251.0
E00117004,New Forest,178,178.0
E00117045,New Forest,242,242.00000000000003
E00117098,New Forest,334,334.0
E00117099,New Forest,230,230.0
E00117100,New Forest,219,219.0
E00117101,New Forest,304,304.0
E00117102,New Forest,271,271.0
E00117103,New Forest,302,302.0
E00117106,New Forest,225,225.0
E00117107,New Forest,142,142.0
E00117108,New Forest,212,212.0
E00117109,New Forest,211,211.0
E00117110,New Forest,238,238.0
E00117189,New Forest,277,277.0
E00117193,New Forest,140,140.0
E00117690,New Forest,288,288.0
E00117974,South Downs,468,460.8730964467005
E00118000,South Downs,306,306.0
E00118001,South Downs,269,269.0
E00118002,South Downs,394,394.0
E00118003,South Downs,357,357.0
E00118004,South Downs,245,244.99999999999997
E00118019,South Downs,481,481.0
E00118020,South Downs,366,366.0
E00118021,South Downs,278,278.0
E00118022,South Downs,361,361.0
E00118023,South Downs,207,207.0
E00118056,South Downs,339,339.0
E00118057,South Downs,349,349.0
E00118058,South Downs,324,324.0
E00118059,South Downs,249,249.0
E00118060,South Downs,459,459.0
E00118061,South Downs,387,387.0
E00118063,South Downs,321,321.0
E00118064,South Downs,357,324.96153846153845
E00118066,South Downs,274,261.196261682243
E00118067,South Downs,244,239.56363636363636
E00118114,South Downs,522,481.62430939226516
E00118115,South Downs,333,326.2040816326531
E00118117,South Downs,334,334.0
E00118261,South Downs,206,205.99999999999997
E00118286,South Downs,174,174.0
E00118287,South Downs,488,488.00000000000006
E00118288,South Downs,217,217.0
E00118289,South Downs,241,241.0
E00118290,South Downs,220,220.0
E00118291,South Downs,394,394.0
E00118292,South Downs,424,424.0
E00140010,Northumberland,269,252.06993006993005
E00140262,Yorkshire Dales,206,206.0
E00140265,Yorkshire Dales,158,158.0
E00140266,Yorkshire Dales,168,168.0
E00140269,Yorkshire Dales,150,150.0
E00140270,Yorkshire Dales,149,149.0
E00140290,Yorkshire Dales,353,353.0
E00140291,Yorkshire Dales,377,377.0
E00140296,Yorkshire Dales,225,225.0
E00140298,Yorkshire Dales,226,226.0
E00140305,Yorkshire Dales,171,171.0
E00140306,Yorkshire Dales,211,211.0
E00140321,Yorkshire Dales,182,182.0
E00140322,Yorkshire Dales,238,238.0
E00140323,Yorkshire Dales,211,211.0
E00140324,Yorkshire Dales,241,241.0
E00140325,Yorkshire Dales,232,232.0
E00140326,Yorkshire Dales,293,293.0
E00140327,Yorkshire Dales,122,122.0
E00140332,Yorkshire Dales,351,325.0
E00140334,Yorkshire Dales,285,268.11111111111114
E00140351,Yorkshire Dales,188,188.0
E00140352,Yorkshire Dales,216,216.0
E00140353,Yorkshire Dales,213,213.0
E00140429,Yorkshire Dales,122,122.0
E00140430,Yorkshire Dales,174,174.0
E00140431,Yorkshire Dales,138,138.0
E00140432,Yorkshire Dales,321,321.0
E00140433,Yorkshire Dales,125,125.00000000000001
E00140434,Yorkshire Dales,298,298.0
E00140435,Yorkshire Dales,315,315.0
E00140436,Yorkshire Dales,316,316.00000000000006
E00140512,North York Moors,113,112.99999999999999
E00140519,North York Moors,137,137.0
E00140602,North York Moors,196,196.0
E00140603,North York Moors,206,206.0
E00140679,North York Moors,313,313.0
E00140681,North York Moors,190,181.55555555555557
E00140683,North York Moors,252,237.6
E00140684,North York Moors,314,299.14864864864865
E00140742,North York Moors,152,145.3913043478261
E00141280,Yorkshire Dales,229,229.0
E00141281,Yorkshire Dales,304,304.0
E00141282,Yorkshire Dales,209,209.0
E00141283,Yorkshire Dales,242,242.0
E00141284,Yorkshire Dales,226,226.0
E00141285,Yorkshire Dales,106,106.0
E00141292,Yorkshire Dales,203,203.0
E00141336,Yorkshire Dales,273,273.0
E00141337,Yorkshire Dales,249,249.0
E00141338,Yorkshire Dales,239,239.0
E00141339,Yorkshire Dales,278,278.0
E00141340,Yorkshire Dales,180,180.0
E00141373,Yorkshire Dales,194,194.0
E00141389,Yorkshire Dales,269,269.0
E00141390,Yorkshire Dales,195,194.99999999999997
E00141393,Yorkshire Dales,360,360.0
E00141394,Yorkshire Dales,205,205.0
E00141397,Yorkshire Dales,353,353.0
E00141398,Yorkshire Dales,304,304.0
E00141435,Yorkshire Dales,182,182.0
E00141437,Yorkshire Dales,249,249.0
E00141438,Yorkshire Dales,260,260.0
E00141449,North York Moors,239,236.58585858585857
E00141458,North York Moors,159,159.0
E00141460,North York Moors,160,160.0
E00141462,North York Moors,137,137.0
E00141463,North York Moors,220,220.0
E00141482,North York Moors,190,190.0
E00141484,North York Moors,221,221.0
E00141491,North York Moors,233,233.0
E00141617,North York Moors,308,308.0
E00141620,North York Moors,242,242.0
E00141621,North York Moors,283,283.0
E00141623,North York Moors,258,258.0
E00141624,North York Moors,237,237.0
E00141625,North York Moors,187,187.0
E00141682,North York Moors,126,126.0
E00141683,North York Moors,290,290.0
E00141684,North York Moors,427,427.0
E00141685,North York Moors,281,281.0
E00141686,North York Moors,254,254.0
E00141687,North York Moors,364,364.0
E00141688,North York Moors,150,150.0
E00141697,North York Moors,316,308.65116279069764
E00141704,North York Moors,319,294.11347517730496
E00141726,North York Moors,235,235.0
E00141727,North York Moors,232,232.00000000000003
E00141731,North York Moors,322,319.29411764705884
E00141736,North York Moors,340,339.99999999999994
E00141737,North York Moors,289,289.0
E00141738,North York Moors,150,150.0
E00141739,North York Moors,223,223.0
E00141740,North York Moors,290,290.0
E00141741,North York Moors,195,195.0
E00141781,North York Moors,310,310.0
E00141782,North York Moors,235,235.0
E00141783,North York Moors,177,177.0
E00141784,North York Moors,269,269.0
E00141785,North York Moors,246,246.0
E00141786,North York Moors,243,243.0
E00141787,North York Moors,245,244.99999999999997
E00141788,North York Moors,218,218.0
E00141827,North York Moors,248,248.0
E00141828,North York Moors,317,317.0
E00141829,North York Moors,271,271.0
E00141830,North York Moors,196,196.0
E00141831,North York Moors,231,231.0
E00141832,North York Moors,261,261.0
E00141833,North York Moors,146,146.0
E00141834,North York Moors,347,347.0
E00141835,North York Moors,218,218.0
E00141837,North York Moors,254,254.0
E00141839,North York Moors,196,196.0
E00141840,North York Moors,246,246.0
E00141910,North York Moors,224,224.0
E00141911,North York Moors,241,241.0
E00141924,North York Moors,310,310.0
E00149412,Exmoor,416,416.0
E00149413,Exmoor,206,206.0
E00149414,Exmoor,241,241.00000000000003
E00149415,Exmoor,270,270.0
E00149430,Exmoor,171,171.0
E00149431,Exmoor,219,219.0
E00149432,Exmoor,184,184.0
E00149434,Exmoor,283,282.99999999999994
E00149435,Exmoor,170,170.0
E00149436,Exmoor,174,174.0
E00149438,Exmoor,209,207.49640287769785
E00149439,Exmoor,391,391.0
E00149440,Exmoor,134,134.0
E00149441,Exmoor,218,218.0
E00149469,Exmoor,265,265.0
E00149473,Exmoor,255,255.0
E00149478,Exmoor,189,189.0
E00149479,Exmoor,244,244.0
E00149480,Exmoor,296,296.0
E00149481,Exmoor,252,252.0
E00149482,Exmoor,193,193.0
E00149483,Exmoor,196,196.0
E00149484,Exmoor,224,224.0
E00149485,Exmoor,232,232.0
E00149486,Exmoor,243,242.99999999999997
E00149494,Exmoor,249,244.85000000000002
E00149495,Exmoor,169,169.0
E00149496,Exmoor,227,226.99999999999997
E00149497,Exmoor,297,297.0
E00151830,Peak District,240,240.0
E00151832,Peak District,151,151.0
E00151834,Peak District,231,230.99999999999997
E00151855,Peak District,259,259.0
E00151942,Peak District,206,206.0
E00151943,Peak District,259,259.0
E00151944,Peak District,210,210.0
E00151945,Peak District,309,309.0
E00151947,Peak District,210,209.99999999999997
E00151948,Peak District,316,316.0
E00154392,The Broads,168,168.0
E00159862,South Downs,437,437.0
E00160069,South Downs,172,172.0
E00160070,South Downs,142,142.0
E00160072,South Downs,172,171.99999999999997
E00160239,South Downs,313,313.0
E00160240,South Downs,134,134.0
E00160241,South Downs,263,263.0
E00160242,South Downs,243,243.0
E00160243,South Downs,358,358.0
E00160244,South Downs,226,226.0
E00160245,South Downs,298,298.0
E00160246,South Downs,201,201.0
E00160247,South Downs,262,262.0
E00160248,South Downs,236,236.0
E00160461,South Downs,144,144.0
E00160462,South Downs,242,242.0
E00160463,South Downs,299,296.62698412698415
E00160522,South Downs,112,112.0
E00160523,South Downs,184,184.0
E00160524,South Downs,214,214.0
E00160525,South Downs,302,302.0
E00160526,South Downs,415,415.00000000000006
E00160528,South Downs,392,392.0
E00160529,South Downs,231,231.0
E00160530,South Downs,361,361.0
E00160531,South Downs,421,421.0
E00160532,South Downs,286,286.0
E00160533,South Downs,226,226.0
E00160629,South Downs,234,234.0
E00160630,South Downs,265,265.0
E00160631,South Downs,327,327.0
E00160632,South Downs,206,206.0
E00160634,South Downs,347,347.00000000000006
E00160635,South Downs,267,267.0
E00160636,South Downs,338,338.0
E00160652,South Downs,243,243.0
E00160653,South Downs,295,295.0
E00160654,South Downs,293,293.0
E00160655,South Downs,270,264.9056603773585
E00160656,South Downs,298,298.0
E00160657,South Downs,272,272.0
E00160658,South Downs,351,351.00000000000006
E00160659,South Downs,384,384.0
E00160660,South Downs,315,315.0
E00160661,South Downs,232,232.0
E00160676,South Downs,448,448.0
E00160678,South Downs,270,267.8225806451613
E00160680,South Downs,339,339.0
E00160682,South Downs,311,311.0
E00160683,South Downs,308,308.0
E00160684,South Downs,336,336.0
E00160685,South Downs,351,351.0
E00160686,South Downs,253,253.0
E00160687,South Downs,267,267.0
E00160688,South Downs,277,277.0
E00160689,South Downs,322,322.0
E00160690,South Downs,243,243.00000000000003
E00160691,South Downs,292,292.0
E00160692,South Downs,356,356.0
E00160693,South Downs,319,319.0
E00160697,South Downs,260,260.0
E00160698,South Downs,188,188.0
E00160699,South Downs,292,292.0
E00160700,South Downs,250,250.0
E00160701,South Downs,198,198.0
E00160702,South Downs,319,319.0
E00160703,South Downs,309,309.0
E00160704,South Downs,222,222.0
E00160705,South Downs,267,267.0
E00160706,South Downs,231,231.0
E00160707,South Downs,254,254.0
E00160708,South Downs,243,243.00000000000003
E00160709,South Downs,232,232.0
E00160710,South Downs,420,420.0
E00160711,South Downs,297,297.0
E00160712,South Downs,324,324.0
E00160713,South Downs,277,277.0
E00160714,South Downs,364,364.0
E00160715,South Downs,418,418.0
E00160724,South Downs,257,257.0
E00160725,South Downs,182,182.0
E00160726,South Downs,289,289.0
E00160727,South Downs,193,193.0
E00160728,South Downs,115,115.0
E00160729,South Downs,253,253.0
E00160730,South Downs,358,358.0
E00160731,South Downs,278,278.0
E00160732,South Downs,428,428.0
E00160733,South Downs,360,359.99999999999994
E00160734,South Downs,225,225.00000000000003
E00160735,South Downs,227,224.73
E00160736,South Downs,284,284.0
E00160737,South Downs,413,413.0
E00160738,South Downs,215,215.0
E00160739,South Downs,267,267.0
E00160740,South Downs,233,233.0
E00160745,South Downs,271,271.0
E00160746,South Downs,320,320.0
E00160747,South Downs,190,190.0
E00160748,South Downs,263,263.0
E00160749,South Downs,356,356.0
E00160756,South Downs,283,283.0
E00160757,South Downs,304,304.0
E00160758,South Downs,304,304.0
E00160759,South Downs,231,231.0
E00160760,South Downs,307,307.0
E00160761,South Downs,375,375.0
E00160762,South Downs,297,297.0
E00160763,South Downs,368,368.00000000000006
E00160832,South Downs,241,241.0
E00160833,South Downs,168,168.0
E00160834,South Downs,306,306.0
E00160835,South Downs,307,307.0
E00160836,South Downs,292,292.0
E00160837,South Downs,265,265.0
E00160838,South Downs,268,268.0
E00160839,South Downs,251,251.0
E00160840,South Downs,163,163.0
E00161281,South Downs,280,280.0
E00161282,South Downs,280,280.0
E00161283,South Downs,220,220.0
E00161461,South Downs,318,318.0
E00161462,South Downs,328,328.0
E00161463,South Downs,277,277.0
E00161868,South Downs,163,163.0
E00161983,South Downs,294,294.0
E00162004,South Downs,410,394.05555555555554
E00162005,South Downs,298,298.0
E00163055,New Forest,266,266.0
E00163057,New Forest,228,228.00000000000003
E00163058,New Forest,305,305.0
E00163059,New Forest,348,348.0
E00163170,New Forest,301,301.0
E00163172,New Forest,285,269.1666666666667
E00165956,Dartmoor,262,262.0
E00166610,South Downs,394,394.00000000000006
E00168547,Lake District,306,285.887323943662
E00168548,Yorkshire Dales,132,132.0
E00168550,Yorkshire Dales,246,245.99999999999997
E00170108,North York Moors,315,315.0
E00172135,South Downs,289,289.0
E00172136,South Downs,296,296.0
E00172137,South Downs,350,350.0
E00174337,Peak District,402,402.0
E00174338,Peak District,336,336.0
E00174339,Peak District,421,421.00000000000006
E00179283,Lake District,287,287.0
E00180228,Dartmoor,724,724.0
E00180257,Dartmoor,100,100.0
E00183035,New Forest,332,332.0
E00184832,South Downs,469,469.0
E00184847,South Downs,421,421.0
E00184907,South Downs,168,168.0
E00184925,South Downs,296,296.0
E00185030,South Downs,198,198.0
E00188578,South Downs,226,226.0
E00188599,South Downs,194,194.0
E00188684,South Downs,231,231.0
E00189796,Yorkshire Dales,389,354.4222222222222
E00189801,Yorkshire Dales,237,237.0
E00189866,North York Moors,358,327.6339285714286
E00189876,North York Moors,102,102.0
